rsid	SYMBOL	Protein_position	UNIPROT_ISOFORM	Domain
rs343376	FOXJ3	162	Q9UPW0	DNA_BIND|Fork-head; REGION|Disordered
rs1055061	HOMEZ	502	Q8IX15	DNA_BIND|Homeobox 3
rs56098093	TBX6	162	O95947	DNA_BIND|T-box
rs4973308	SP140	797	Q13342	DOMAIN|Bromo
rs62192163	SP140	756	Q13342	DOMAIN|Bromo
rs3736563	UBP1	109	Q9NZI7	DOMAIN|Grh/CP2 DB
rs1469087	ZNF135	22	P52742	DOMAIN|KRAB
rs7255165	ZNF682	65	O95780	DOMAIN|KRAB
rs2070832	ZNF23	28	P17027	DOMAIN|KRAB
rs62401435	ZKSCAN8	296	Q15776	DOMAIN|KRAB
rs17856896	ZNF548	58	Q8NEK5	DOMAIN|KRAB
rs2014572	ZNF805	68	Q5CZA5	DOMAIN|KRAB
rs6962772	ZNF789	77	Q5FWF6	DOMAIN|KRAB
rs11550034	ZNF3	102	P17036	DOMAIN|KRAB
rs1338891365	ZNF215	182	Q9UL58	DOMAIN|KRAB
rs14048	ZNF880	12	Q6PDB4	DOMAIN|KRAB
rs2272994	ZFP69B	115	Q9UJL9	DOMAIN|KRAB
rs2253563	ZNF180	89	Q9UJW8	DOMAIN|KRAB
rs34136271	ZFP28	141	Q8NHY6	DOMAIN|KRAB 1
rs3746231	ZNF805	81	Q5CZA5	DOMAIN|KRAB; REGION|Disordered
rs6531	RXRB	384	P28702	DOMAIN|NR LBD
rs1441404806	ESR2	379	Q92731	DOMAIN|NR LBD
rs1356474609	ESR1	434	P03372	DOMAIN|NR LBD; REGION|Interaction with AKAP13; REGION|Self-association; REGION|Transactivation AF-2
rs853678	ZSCAN31	50	Q96LW9	DOMAIN|SCAN box
rs11041108	ZNF215	119	Q9UL58	DOMAIN|SCAN box
rs3820975	SP140	356	Q13342	NA
rs2032729	ZNF24	220	P17028	NA
rs748174222	ZNF483	315	Q8TF39	NA
rs201869821	ZNF587	322	Q96SQ5	NA
rs145569539	ZNF417	189	Q8TAU3	NA
rs76053634	ZNF880	406	Q6PDB4	NA
rs948615	ZNF407	972	Q9C0G0	NA
rs3826671	ZNF417	173	Q8TAU3	NA
rs324125	ZNF880	150	Q6PDB4	NA
rs13382164	ZNF28	179	P17035	NA
rs61735225	ZNF587	156	Q96SQ5	NA
rs17679334	ZNF682	450	O95780	NA
rs59327775	ZNF101	127	Q8IZC7	NA
rs10417163	ZNF28	465	P17035	NA
rs35927125	KLF11	62	O14901	NA
rs799193	ZNF441	122	Q8N8Z8	NA
rs75346003	ZNF880	406	Q6PDB4	NA
rs55823456	ZNF773	99	Q6PK81	NA
rs116970833	ZNF180	278	Q9UJW8	NA
rs386811330	ZNF773	97	Q6PK81	NA
rs61729939	ZNF468	151	Q5VIY5	NA
rs61729942	ZNF468	146	Q5VIY5	NA
rs61732713	ZNF468	124	Q5VIY5	NA
rs2571108	ZNF180	41	Q9UJW8	NA
rs61747364	ZNF468	163	Q5VIY5	NA
rs12610859	ZNF285	536	Q96NJ3	NA
rs1836280	ZNF285	570	Q96NJ3	NA
rs61731281	ZNF773	97	Q6PK81	NA
rs8105668	ZNF160	82	Q9HCG1	NA
rs2385182	ZNF527	301	Q8NB42	NA
rs13343641	ZNF480	177	Q8WV37	NA
rs3803752	HSF5	473	Q4G112	NA
rs2241586	ZNF610	131	Q8N9Z0	NA
rs2967532	ZNF566	126	Q969W8	NA
rs10421632	ZNF805	195	Q5CZA5	NA
rs1897820	ZNF180	272	Q9UJW8	NA
rs776903031	ZNF573	551	Q86YE8	NA
rs58239286	ZNF468	210	Q5VIY5	NA
rs8957	SLC2A4RG	233	Q9NR83	NA
rs2228253	SP2	203	Q02086	NA
rs3917221	ZSCAN29	199	Q8IWY8	NA
rs2185379	PRDM1	74	O75626	NA
rs28990715	FOXM1	402	Q08050	NA
rs10243954	ZNF680	523	Q8NEM1	NA
rs2277033	PRDM10	380	Q9NQV6	NA
rs707394	GTF2IRD2	605	Q86UP8	NA
rs707395	GTF2IRD2	601	Q86UP8	NA
rs2529320	GTF2IRD2	500	Q86UP8	NA
rs17856483	ZNF669	451	Q96BR6	NA
rs2231856	ETV3	234	P41162	NA
rs17118103	MYSM1	200	Q5VVJ2	NA
rs12139511	MYSM1	264	Q5VVJ2	NA
rs232777	MYSM1	825	Q5VVJ2	NA
rs150073213	ZNF623	149	O75123	NA
rs1735169	ZNF7	188	P17097	NA
rs10794532	ZNF683	48	Q8IZ20	NA
rs10794531	ZNF683	53	Q8IZ20	NA
rs45502998	ZBTB40	1237	Q9NUA8	NA
rs209729	ZBTB40	595	Q9NUA8	NA
rs749974335	RUNX2	78	Q13950	NA
rs2044502	ZSCAN2	191	Q7Z7L9	NA
rs9639168	ETV1	100	P50549	NA
rs749671	ZNF646	234	O15015	NA
rs665268	MLX	223	Q9UH92	NA
rs16942615	CAMTA2	903	O94983	NA
rs739869	TSHZ2	113	Q9NRE2	NA
rs366793	ZNF701	182	Q9NV72	NA
rs2920217	ZBTB49	320	Q6ZSB9	NA
rs34293093	ZBTB49	642	Q6ZSB9	NA
rs1397088980	ELF2	494	Q15723	NA
rs4785626	ZNF778	278	Q96MU6	NA
rs8046978	ZNF668	447	Q96K58	NA
rs162832	ZNF701	70	Q9NV72	NA
rs853684	ZSCAN31	205	Q96LW9	NA
rs117690401	ZNF778	171	Q96MU6	NA
rs28417933	ZNF778	164	Q96MU6	NA
rs753760721	ZSCAN31	346	Q96LW9	NA
rs72795864	ZNF23	144	P17027	NA
rs1177648	ZFP90	439	Q8TF47	NA
rs7201172	ZNF778	249	Q96MU6	NA
rs61746929	ZFP90	114	Q8TF47	NA
rs10255054	ZNF282	473	Q9UDV7	REGION|Disordered
rs1398432795	GLIS3	294	Q8NEA6	REGION|Disordered
rs6415788	GLIS3	301	Q8NEA6	REGION|Disordered
rs6032606	ZNF335	294	Q9H4Z2	REGION|Disordered
rs749669556	ATOH8	99	Q96SQ7	REGION|Disordered
rs145067241	LBX2	36	Q6XYB7	REGION|Disordered
rs7256349	ZNF274	147	Q96GC6	REGION|Disordered
rs142331855	ZFAT	546	Q9P243	REGION|Disordered
rs11547158	ZNF282	670	Q9UDV7	REGION|Disordered
rs61736532	ZNF444	107	Q8N0Y2	REGION|Disordered
rs12541381	ZFAT	102	Q9P243	REGION|Disordered
rs771135657	CASZ1	1713	Q86V15	REGION|Disordered
rs2282076	ZFP37	7	Q9Y6Q3	REGION|Disordered
rs7227263	ZNF407	512	Q9C0G0	REGION|Disordered
rs1040249035	HLF	158	Q16534	REGION|Disordered
rs1485495525	HLF	59	Q16534	REGION|Disordered
rs7196726	ZNF646	1477	O15015	REGION|Disordered
rs35713203	ZNF646	921	O15015	REGION|Disordered
rs749670	ZNF646	327	O15015	REGION|Disordered
rs4072568	ARNT2	679	Q9HBZ2	REGION|Disordered
rs2215292	FOXM1	546	Q08050	REGION|Disordered
rs2241571	PRDM10	487	Q9NQV6	REGION|Disordered
rs3809482	ZSCAN29	104	Q8IWY8	REGION|Disordered
rs13313088	ZNF692	230	Q9BU19	REGION|Disordered
rs2071702	KMT2A	2415	Q03164	REGION|Disordered
rs6659222	ZBTB40	225	Q9NUA8	REGION|Disordered
rs11247933	ZNF683	288	Q8IZ20	REGION|Disordered
rs767980860	TAL1	309	P17542	REGION|Disordered
rs4972945	SP140	512	Q13342	REGION|Disordered; MOTIF|Nuclear localization signal
rs100803	HINFP	493	Q9BQA5	REGION|Interaction with NPAT
rs512703	HINFP	478	Q9BQA5	REGION|Interaction with NPAT
rs35874463	SMAD3	170	P84022	REGION|Linker; REGION|Disordered
rs7251	IRF3	427	Q14653	REGION|Mediates interaction with ZDHHC11
rs5525	NR3C2	499	P08235	REGION|Modulating
rs5522	NR3C2	180	P08235	REGION|Modulating
rs1243016506	ESR1	58	P03372	REGION|Modulating (transactivation AF-1); mediates interaction with MACROD1; REGION|Interaction with DDX5; self-association
rs140366806	TFEC	34	O14948	REGION|Necessary for transcriptional transactivation
rs3108171	ZNF382	168	Q96SR6	REGION|Represses transcription
rs3741651	SP1	480	P08047	REGION|Transactivation domain B (Gln-rich)
rs2230103	CUX1	545	Q13948	TOPO_DOM|Cytoplasmic
rs2228314	SREBF2	595	Q12772	TOPO_DOM|Cytoplasmic
rs803064	CUX1	464	Q13948	TOPO_DOM|Cytoplasmic
rs4808209	ZNF101	121	Q8IZC7	ZN_FING|C2H2-type 1
rs10419826	ZNF468	477	Q5VIY5	ZN_FING|C2H2-type 10
rs2017252	ZNF273	461	Q14593	ZN_FING|C2H2-type 10
rs1345658	ZNF30	379	P17039	ZN_FING|C2H2-type 10
rs146381631	ZNF528	507	Q3MIS6	ZN_FING|C2H2-type 11
rs10416584	ZNF417	495	Q8TAU3	ZN_FING|C2H2-type 11
rs55748277	ZNF880	471	Q6PDB4	ZN_FING|C2H2-type 11
rs75548544	ZNF468	499	Q5VIY5	ZN_FING|C2H2-type 11
rs765746	ZNF30	400	P17039	ZN_FING|C2H2-type 11
rs78382850	ZNF160	576	Q9HCG1	ZN_FING|C2H2-type 12
rs8107444	ZNF28	524	P17035	ZN_FING|C2H2-type 12
rs28415940	ZNF778	534	Q96MU6	ZN_FING|C2H2-type 12
rs9921361	ZNF778	553	Q96MU6	ZN_FING|C2H2-type 12
rs3745764	ZNF875	628	P10072	ZN_FING|C2H2-type 12
rs9305035	ZNF317	550	Q96PQ6	ZN_FING|C2H2-type 12
rs12327359	ZNF407	1503	Q9C0G0	ZN_FING|C2H2-type 13
rs1434579	ZNF229	662	Q9UJW7	ZN_FING|C2H2-type 13
rs147275148	ZNF132	575	P52740	ZN_FING|C2H2-type 14
rs60437616	ZNF778	639	Q96MU6	ZN_FING|C2H2-type 15
rs17772514	ZNF189	602	O75820	ZN_FING|C2H2-type 16
rs4805206	ZNF585A	627	Q6P3V2	ZN_FING|C2H2-type 17
rs118093429	ZNF778	673	Q96MU6	ZN_FING|C2H2-type 17; degenerate
rs55700709	ZNF229	812	Q9UJW7	ZN_FING|C2H2-type 18
rs386808878	ZNF30	123	P17039	ZN_FING|C2H2-type 1; degenerate
rs8104812	ZNF880	202	Q6PDB4	ZN_FING|C2H2-type 1; degenerate
rs321937	ZNF610	216	Q8N9Z0	ZN_FING|C2H2-type 1; degenerate
rs4085565	ZNF611	252	Q8N823	ZN_FING|C2H2-type 1; degenerate
rs1811	ZNF30	123	P17039	ZN_FING|C2H2-type 1; degenerate
rs8104808	ZNF880	198	Q6PDB4	ZN_FING|C2H2-type 1; degenerate
rs12974755	ZNF799	142	Q96GE5	ZN_FING|C2H2-type 1; degenerate
rs4085566	ZNF611	252	Q8N823	ZN_FING|C2H2-type 1; degenerate
rs34846371	ZNF611	252	Q8N823	ZN_FING|C2H2-type 1; degenerate
rs1056185	ZNF83	96	P51522	ZN_FING|C2H2-type 1; degenerate
rs2195310	ZNF347	264	Q96SE7	ZN_FING|C2H2-type 1; degenerate
rs2020083	ZNF180	391	Q9UJW8	ZN_FING|C2H2-type 2
rs61793704	ZNF721	718	Q8TF20	ZN_FING|C2H2-type 24; degenerate
rs373554	ZNF701	337	Q9NV72	ZN_FING|C2H2-type 3
rs1465789	ZNF132	252	P52740	ZN_FING|C2H2-type 3
rs10420793	ZNF468	282	Q5VIY5	ZN_FING|C2H2-type 3
rs72501950	ZNF721	130	Q8TF20	ZN_FING|C2H2-type 3; degenerate
rs16990964	ZNF335	541	Q9H4Z2	ZN_FING|C2H2-type 4
rs2041109	ZNF460	299	Q14592	ZN_FING|C2H2-type 4
rs1233105746	ZNF215	494	Q9UL58	ZN_FING|C2H2-type 4
rs3745133	ZNF417	316	Q8TAU3	ZN_FING|C2H2-type 4
rs10410631	ZNF550	291	Q7Z398	ZN_FING|C2H2-type 4
rs3752365	ZNF573	224	Q86YE8	ZN_FING|C2H2-type 4
rs710945	ZNF140	264	P52738	ZN_FING|C2H2-type 4
rs12354886	ZNF485	252	Q8NCK3	ZN_FING|C2H2-type 5
rs117380840	ZNF791	234	Q3KP31	ZN_FING|C2H2-type 5
rs373485667	ZNF778	350	Q96MU6	ZN_FING|C2H2-type 5
rs77577775	ZNF587	329	Q96SQ5	ZN_FING|C2H2-type 5
rs141614487	ZNF547	243	Q8IVP9	ZN_FING|C2H2-type 5
rs35278805	ZSCAN29	836	Q8IWY8	ZN_FING|C2H2-type 6
rs142239725	ZFP69B	438	Q9UJL9	ZN_FING|C2H2-type 6
rs12462929	ZNF468	374	Q5VIY5	ZN_FING|C2H2-type 6
rs1548476	ZNF550	359	Q7Z398	ZN_FING|C2H2-type 6
rs562905964	HINFP	271	Q9BQA5	ZN_FING|C2H2-type 6
rs3764626	ZNF333	537	Q96JL9	ZN_FING|C2H2-type 7
rs749176748	ZNF257	355	Q9Y2Q1	ZN_FING|C2H2-type 7
rs758809860	ZNF257	358	Q9Y2Q1	ZN_FING|C2H2-type 7
rs4621113	ZNF493	195	Q6ZR52	ZN_FING|C2H2-type 7; degenerate
rs113015820	ZNF83	290	P51522	ZN_FING|C2H2-type 8
rs3745765	ZNF875	513	P10072	ZN_FING|C2H2-type 8
rs74033443	ZNF778	422	Q96MU6	ZN_FING|C2H2-type 8
rs796275680	ZNF83	293	P51522	ZN_FING|C2H2-type 8
rs78207921	ZNF83	293	P51522	ZN_FING|C2H2-type 8
rs61737180	ZNF254	410	O75437	ZN_FING|C2H2-type 8
rs3745102	ZNF701	495	Q9NV72	ZN_FING|C2H2-type 8
rs75857698	ZNF83	293	P51522	ZN_FING|C2H2-type 8
rs146063134	ZNF85	378	Q03923	ZN_FING|C2H2-type 9
rs7107305	KMT2A	1890	Q03164	ZN_FING|C2HC pre-PHD-type
