rsid	SYMBOL	Protein_position	UNIPROT_ISOFORM
rs771135657	CASZ1	1713	Q86V15
rs6659222	ZBTB40	225	Q9NUA8
rs209729	ZBTB40	595	Q9NUA8
rs45502998	ZBTB40	1237	Q9NUA8
rs11247933	ZNF683	288	Q8IZ20
rs10794531	ZNF683	53	Q8IZ20
rs10794532	ZNF683	48	Q8IZ20
rs2272994	ZFP69B	115	Q9UJL9
rs142239725	ZFP69B	438	Q9UJL9
rs343376	FOXJ3	162	Q9UPW0
rs767980860	TAL1	309	P17542
rs232777	MYSM1	825	Q5VVJ2
rs12139511	MYSM1	264	Q5VVJ2
rs17118103	MYSM1	200	Q5VVJ2
rs2231856	ETV3	234	P41162
rs17856483	ZNF669	451	Q96BR6
rs13313088	ZNF692	230	Q9BU19
rs12354886	ZNF485	252	Q8NCK3
rs11041108	ZNF215	119	Q9UL58
rs1338891365	ZNF215	182	Q9UL58
rs1233105746	ZNF215	494	Q9UL58
rs7107305	KMT2A	1890	Q03164
rs2071702	KMT2A	2415	Q03164
rs562905964	HINFP	271	Q9BQA5
rs512703	HINFP	478	Q9BQA5
rs100803	HINFP	493	Q9BQA5
rs2241571	PRDM10	487	Q9NQV6
rs2277033	PRDM10	380	Q9NQV6
rs2215292	FOXM1	546	Q08050
rs28990715	FOXM1	402	Q08050
rs3741651	SP1	480	P08047
rs710945	ZNF140	264	P52738
rs1055061	HOMEZ	502	Q8IX15
rs1441404806	ESR2	379	Q92731
rs35278805	ZSCAN29	836	Q8IWY8
rs3917221	ZSCAN29	199	Q8IWY8
rs3809482	ZSCAN29	104	Q8IWY8
rs35874463	SMAD3	170	P84022
rs4072568	ARNT2	679	Q9HBZ2
rs2044502	ZSCAN2	191	Q7Z7L9
rs56098093	TBX6	162	O95947
rs8046978	ZNF668	447	Q96K58
rs749671	ZNF646	234	O15015
rs749670	ZNF646	327	O15015
rs35713203	ZNF646	921	O15015
rs7196726	ZNF646	1477	O15015
rs61746929	ZFP90	114	Q8TF47
rs1177648	ZFP90	439	Q8TF47
rs72795864	ZNF23	144	P17027
rs2070832	ZNF23	28	P17027
rs28417933	ZNF778	164	Q96MU6
rs117690401	ZNF778	171	Q96MU6
rs7201172	ZNF778	249	Q96MU6
rs4785626	ZNF778	278	Q96MU6
rs373485667	ZNF778	350	Q96MU6
rs74033443	ZNF778	422	Q96MU6
rs28415940	ZNF778	534	Q96MU6
rs9921361	ZNF778	553	Q96MU6
rs60437616	ZNF778	639	Q96MU6
rs118093429	ZNF778	673	Q96MU6
rs16942615	CAMTA2	903	O94983
rs665268	MLX	223	Q9UH92
rs2228253	SP2	203	Q02086
rs1485495525	HLF	59	Q16534
rs1040249035	HLF	158	Q16534
rs3803752	HSF5	473	Q4G112
rs2032729	ZNF24	220	P17028
rs7227263	ZNF407	512	Q9C0G0
rs948615	ZNF407	972	Q9C0G0
rs12327359	ZNF407	1503	Q9C0G0
rs9305035	ZNF317	550	Q96PQ6
rs799193	ZNF441	122	Q8N8Z8
rs12974755	ZNF799	142	Q96GE5
rs117380840	ZNF791	234	Q3KP31
rs3764626	ZNF333	537	Q96JL9
rs4808209	ZNF101	121	Q8IZC7
rs59327775	ZNF101	127	Q8IZC7
rs17679334	ZNF682	450	O95780
rs7255165	ZNF682	65	O95780
rs146063134	ZNF85	378	Q03923
rs4621113	ZNF493	195	Q6ZR52
rs749176748	ZNF257	355	Q9Y2Q1
rs758809860	ZNF257	358	Q9Y2Q1
rs61737180	ZNF254	410	O75437
rs1811	ZNF30	123	P17039
rs386808878	ZNF30	123	P17039
rs1345658	ZNF30	379	P17039
rs765746	ZNF30	400	P17039
rs2967532	ZNF566	126	Q969W8
rs3108171	ZNF382	168	Q96SR6
rs4805206	ZNF585A	627	Q6P3V2
rs3745765	ZNF875	513	P10072
rs3745764	ZNF875	628	P10072
rs2385182	ZNF527	301	Q8NB42
rs776903031	ZNF573	551	Q86YE8
rs3752365	ZNF573	224	Q86YE8
rs1836280	ZNF285	570	Q96NJ3
rs12610859	ZNF285	536	Q96NJ3
rs55700709	ZNF229	812	Q9UJW7
rs1434579	ZNF229	662	Q9UJW7
rs2020083	ZNF180	391	Q9UJW8
rs116970833	ZNF180	278	Q9UJW8
rs1897820	ZNF180	272	Q9UJW8
rs2253563	ZNF180	89	Q9UJW8
rs2571108	ZNF180	41	Q9UJW8
rs7251	IRF3	427	Q14653
rs13343641	ZNF480	177	Q8WV37
rs2241586	ZNF610	131	Q8N9Z0
rs321937	ZNF610	216	Q8N9Z0
rs14048	ZNF880	12	Q6PDB4
rs324125	ZNF880	150	Q6PDB4
rs8104808	ZNF880	198	Q6PDB4
rs8104812	ZNF880	202	Q6PDB4
rs75346003	ZNF880	406	Q6PDB4
rs76053634	ZNF880	406	Q6PDB4
rs55748277	ZNF880	471	Q6PDB4
rs146381631	ZNF528	507	Q3MIS6
rs162832	ZNF701	70	Q9NV72
rs366793	ZNF701	182	Q9NV72
rs373554	ZNF701	337	Q9NV72
rs3745102	ZNF701	495	Q9NV72
rs78207921	ZNF83	293	P51522
rs796275680	ZNF83	293	P51522
rs75857698	ZNF83	293	P51522
rs113015820	ZNF83	290	P51522
rs1056185	ZNF83	96	P51522
rs34846371	ZNF611	252	Q8N823
rs4085566	ZNF611	252	Q8N823
rs4085565	ZNF611	252	Q8N823
rs8107444	ZNF28	524	P17035
rs10417163	ZNF28	465	P17035
rs13382164	ZNF28	179	P17035
rs75548544	ZNF468	499	Q5VIY5
rs10419826	ZNF468	477	Q5VIY5
rs12462929	ZNF468	374	Q5VIY5
rs10420793	ZNF468	282	Q5VIY5
rs58239286	ZNF468	210	Q5VIY5
rs61747364	ZNF468	163	Q5VIY5
rs61729939	ZNF468	151	Q5VIY5
rs61729942	ZNF468	146	Q5VIY5
rs61732713	ZNF468	124	Q5VIY5
rs78382850	ZNF160	576	Q9HCG1
rs8105668	ZNF160	82	Q9HCG1
rs2195310	ZNF347	264	Q96SE7
rs61736532	ZNF444	107	Q8N0Y2
rs34136271	ZFP28	141	Q8NHY6
rs2014572	ZNF805	68	Q5CZA5
rs3746231	ZNF805	81	Q5CZA5
rs10421632	ZNF805	195	Q5CZA5
rs2041109	ZNF460	299	Q14592
rs141614487	ZNF547	243	Q8IVP9
rs17856896	ZNF548	58	Q8NEK5
rs386811330	ZNF773	97	Q6PK81
rs61731281	ZNF773	97	Q6PK81
rs55823456	ZNF773	99	Q6PK81
rs1548476	ZNF550	359	Q7Z398
rs10410631	ZNF550	291	Q7Z398
rs61735225	ZNF587	156	Q96SQ5
rs201869821	ZNF587	322	Q96SQ5
rs77577775	ZNF587	329	Q96SQ5
rs10416584	ZNF417	495	Q8TAU3
rs3745133	ZNF417	316	Q8TAU3
rs145569539	ZNF417	189	Q8TAU3
rs3826671	ZNF417	173	Q8TAU3
rs1469087	ZNF135	22	P52742
rs7256349	ZNF274	147	Q96GC6
rs147275148	ZNF132	575	P52740
rs1465789	ZNF132	252	P52740
rs35927125	KLF11	62	O14901
rs145067241	LBX2	36	Q6XYB7
rs749669556	ATOH8	99	Q96SQ7
rs3820975	SP140	356	Q13342
rs4972945	SP140	512	Q13342
rs62192163	SP140	756	Q13342
rs4973308	SP140	797	Q13342
rs16990964	ZNF335	541	Q9H4Z2
rs6032606	ZNF335	294	Q9H4Z2
rs739869	TSHZ2	113	Q9NRE2
rs8957	SLC2A4RG	233	Q9NR83
rs2228314	SREBF2	595	Q12772
rs3736563	UBP1	109	Q9NZI7
rs61793704	ZNF721	718	Q8TF20
rs72501950	ZNF721	130	Q8TF20
rs2920217	ZBTB49	320	Q6ZSB9
rs34293093	ZBTB49	642	Q6ZSB9
rs1397088980	ELF2	494	Q15723
rs5525	NR3C2	499	P08235
rs5522	NR3C2	180	P08235
rs62401435	ZKSCAN8	296	Q15776
rs753760721	ZSCAN31	346	Q96LW9
rs853684	ZSCAN31	205	Q96LW9
rs853678	ZSCAN31	50	Q96LW9
rs6531	RXRB	384	P28702
rs749974335	RUNX2	78	Q13950
rs2185379	PRDM1	74	O75626
rs1243016506	ESR1	58	P03372
rs1356474609	ESR1	434	P03372
rs9639168	ETV1	100	P50549
rs10243954	ZNF680	523	Q8NEM1
rs2017252	ZNF273	461	Q14593
rs707394	GTF2IRD2	605	Q86UP8
rs707395	GTF2IRD2	601	Q86UP8
rs2529320	GTF2IRD2	500	Q86UP8
rs6962772	ZNF789	77	Q5FWF6
rs11550034	ZNF3	102	P17036
rs803064	CUX1	464	Q13948
rs2230103	CUX1	545	Q13948
rs140366806	TFEC	34	O14948
rs10255054	ZNF282	473	Q9UDV7
rs11547158	ZNF282	670	Q9UDV7
rs142331855	ZFAT	546	Q9P243
rs12541381	ZFAT	102	Q9P243
rs150073213	ZNF623	149	O75123
rs1735169	ZNF7	188	P17097
rs6415788	GLIS3	301	Q8NEA6
rs1398432795	GLIS3	294	Q8NEA6
rs17772514	ZNF189	602	O75820
rs748174222	ZNF483	315	Q8TF39
rs2282076	ZFP37	7	Q9Y6Q3
